1,2002-12-07,37,23,10,33,29,40,16
2,2002-12-14,42,21,9,25,32,13,2
3,2002-12-21,31,21,27,19,11,16,30
4,2002-12-28,40,30,14,42,31,27,2
5,2003-01-04,16,42,29,40,24,41,3
6,2003-01-11,26,15,42,14,27,40,34
7,2003-01-18,16,9,40,25,2,26,42
8,2003-01-25,25,8,39,19,37,34,9
9,2003-02-01,17,4,16,39,36,2,14
10,2003-02-08,30,33,25,41,9,44,6
11,2003-02-15,41,36,37,7,1,42,14
12,2003-02-22,25,39,21,2,45,11,44
13,2003-03-01,37,23,22,42,25,38,26
14,2003-03-08,6,12,40,31,33,2,15
15,2003-03-15,37,30,3,31,16,4,13
16,2003-03-22,37,38,40,7,24,6,33
17,2003-03-29,17,32,37,3,4,9,1
18,2003-04-05,19,3,12,13,35,32,29
19,2003-04-12,30,39,38,40,43,6,26
20,2003-04-19,23,14,10,20,18,30,41
21,2003-04-26,17,31,6,32,12,18,21
22,2003-05-03,17,5,39,8,4,6,25
23,2003-05-10,13,18,5,17,33,42,44
24,2003-05-17,43,8,36,7,27,29,6
25,2003-05-24,26,44,21,43,2,4,16
26,2003-05-31,4,20,5,18,25,7,31
27,2003-06-07,43,28,1,37,20,26,27
28,2003-06-14,23,18,37,35,25,9,1
29,2003-06-21,1,39,34,5,13,40,11
30,2003-06-28,17,36,44,35,8,20,4
31,2003-07-05,18,7,23,35,28,9,32
32,2003-07-12,19,6,14,44,34,25,11
33,2003-07-19,41,40,32,4,33,7,9
34,2003-07-26,9,35,42,40,26,37,2
35,2003-08-02,26,37,43,11,3,2,39
36,2003-08-09,40,1,23,26,10,28,31
37,2003-08-16,30,33,35,7,27,37,42
38,2003-08-23,22,17,37,30,43,16,36
39,2003-08-30,43,15,21,13,7,6,8
40,2003-09-06,19,7,26,18,13,25,6
41,2003-09-13,13,20,38,23,43,35,34
42,2003-09-20,21,23,17,32,18,19,1
43,2003-09-27,31,6,39,38,44,35,1
44,2003-10-04,21,11,3,30,38,45,39
45,2003-10-11,27,20,10,1,33,35,17
46,2003-10-18,13,31,8,38,15,23,39
47,2003-10-25,14,45,26,36,17,31,27
48,2003-11-01,26,37,10,6,18,38,3
49,2003-11-08,16,33,4,19,40,7,30
50,2003-11-15,2,22,15,12,10,44,1
51,2003-11-22,44,2,26,16,3,11,35
52,2003-11-29,15,4,20,16,2,29,1
53,2003-12-06,14,39,7,32,8,33,42
54,2003-12-13,39,27,8,36,21,1,37
55,2003-12-20,37,31,44,40,17,21,7
56,2003-12-27,30,31,14,33,10,37,19
57,2004-01-03,29,7,16,25,44,10,6
58,2004-01-10,25,44,24,10,40,33,1
59,2004-01-17,41,39,36,45,6,29,13
60,2004-01-24,25,8,39,42,36,2,11
61,2004-01-31,38,19,15,30,43,14,8
62,2004-02-07,29,8,15,27,3,35,21
63,2004-02-14,20,36,23,3,38,40,5
64,2004-02-21,15,26,21,36,18,14,39
65,2004-02-28,40,4,43,36,33,25,39
66,2004-03-06,22,2,17,7,3,24,45
67,2004-03-13,7,38,10,3,36,15,33
68,2004-03-20,15,39,12,26,10,16,38
69,2004-03-27,15,19,8,5,14,39,35
70,2004-04-03,28,43,5,22,25,19,26
71,2004-04-10,5,9,41,29,12,16,21
72,2004-04-17,26,2,4,27,11,17,1
73,2004-04-24,43,12,32,3,18,40,38
74,2004-05-01,15,6,40,35,18,17,23
75,2004-05-08,24,44,32,34,2,5,28
76,2004-05-15,37,25,1,15,22,3,43
77,2004-05-22,43,32,44,2,29,18,37
78,2004-05-29,35,29,13,33,10,25,38
79,2004-06-05,12,24,27,32,30,3,14
80,2004-06-12,25,17,24,30,26,18,1
81,2004-06-19,11,5,33,20,7,13,6
82,2004-06-26,3,2,1,14,27,42,39
83,2004-07-03,15,10,19,6,34,17,14
84,2004-07-10,27,34,23,42,45,16,11
85,2004-07-17,36,8,13,31,23,6,21
86,2004-07-24,39,37,2,41,12,45,33
87,2004-07-31,16,23,34,43,12,4,26
88,2004-08-07,41,30,17,24,1,20,27
89,2004-08-14,29,28,40,33,26,4,37
90,2004-08-21,38,44,35,29,20,17,10
91,2004-08-28,26,42,1,21,24,29,27
92,2004-09-04,3,33,35,36,14,24,17
93,2004-09-11,22,24,38,44,6,36,19
94,2004-09-18,41,45,5,32,40,34,6
95,2004-09-25,17,43,34,27,31,8,14
96,2004-10-02,3,31,8,1,21,22,20
97,2004-10-09,20,36,6,14,7,15,3
98,2004-10-16,24,23,32,6,9,16,43
99,2004-10-23,27,29,3,37,10,1,11
100,2004-10-30,1,42,11,23,37,7,6
101,2004-11-06,32,45,35,1,3,17,8
102,2004-11-13,35,22,17,24,40,26,42
103,2004-11-20,30,27,14,5,45,15,10
104,2004-11-27,17,42,44,34,33,32,35
105,2004-12-04,45,34,41,10,20,8,28
106,2004-12-11,4,12,10,24,33,22,29
107,2004-12-18,1,31,9,5,4,6,17
108,2004-12-25,23,18,7,29,22,44,12
109,2005-01-01,5,44,1,42,36,34,33
110,2005-01-08,29,7,23,20,43,22,1
111,2005-01-15,40,33,7,31,36,18,27
112,2005-01-22,30,41,33,29,42,26,43
113,2005-01-29,4,33,36,28,9,45,26
114,2005-02-05,11,19,26,41,14,28,2
115,2005-02-12,25,9,28,1,2,6,31
116,2005-02-19,31,34,25,37,4,2,17
117,2005-02-26,36,44,22,5,34,10,35
118,2005-03-05,17,4,22,3,10,19,38
119,2005-03-12,14,3,17,11,21,13,38
120,2005-03-19,6,10,11,4,37,32,30
121,2005-03-26,38,28,12,30,34,43,9
122,2005-04-02,11,1,16,36,40,17,8
123,2005-04-09,18,7,45,17,30,28,27
124,2005-04-16,16,29,4,23,42,25,1
125,2005-04-23,32,2,35,33,36,8,18
126,2005-04-30,20,22,40,43,7,27,1
127,2005-05-07,43,5,29,32,3,10,35
128,2005-05-14,36,30,45,12,37,34,39
129,2005-05-21,23,42,19,28,38,25,17
130,2005-05-28,42,7,27,45,19,24,31
131,2005-06-04,21,11,14,15,10,8,37
132,2005-06-11,23,3,41,34,17,45,43
133,2005-06-18,15,7,26,4,23,18,13
134,2005-06-25,3,35,31,23,12,20,43
135,2005-07-02,28,35,14,22,6,39,16
136,2005-07-09,2,41,16,36,30,42,11
137,2005-07-16,25,9,20,39,36,7,15
138,2005-07-23,10,37,28,11,39,27,19
139,2005-07-30,43,9,20,15,11,28,13
140,2005-08-06,28,19,18,3,13,17,8
141,2005-08-13,12,8,42,43,29,31,2
142,2005-08-20,12,16,44,34,30,40,19
143,2005-08-27,27,42,43,28,26,45,8
144,2005-09-03,4,36,26,17,15,37,43
145,2005-09-10,13,3,2,44,27,20,9
146,2005-09-17,42,27,35,19,41,2,25
147,2005-09-24,4,13,42,6,21,40,36
148,2005-10-01,33,34,36,21,35,25,17
149,2005-10-08,42,41,11,21,34,2,27
150,2005-10-15,39,28,25,37,2,18,16
151,2005-10-22,10,13,19,18,2,1,15
152,2005-10-29,26,29,34,1,5,13,43
153,2005-11-05,12,13,8,36,3,11,33
154,2005-11-12,19,21,35,40,45,6,20
155,2005-11-19,16,20,41,33,32,19,4
156,2005-11-26,45,18,30,42,28,5,2
157,2005-12-03,30,33,26,19,39,35,37
158,2005-12-10,18,4,34,9,21,13,7
159,2005-12-17,18,1,41,30,42,43,32
160,2005-12-24,3,41,34,8,7,39,1
161,2005-12-31,40,22,34,45,36,42,44
162,2006-01-07,38,25,41,21,1,5,24
163,2006-01-14,29,7,11,26,28,44,16
164,2006-01-21,6,39,11,10,41,9,27
165,2006-01-28,22,5,18,42,13,19,31
166,2006-02-04,39,9,12,45,27,36,14
167,2006-02-11,24,27,36,39,30,28,4
168,2006-02-18,43,3,40,31,10,42,30
169,2006-02-25,43,27,16,45,35,37,19
170,2006-03-04,42,13,31,2,15,11,10
171,2006-03-11,29,4,34,16,25,35,1
172,2006-03-18,4,21,24,26,19,41,35
173,2006-03-25,33,9,30,24,3,34,18
174,2006-04-01,14,13,39,35,22,18,16
175,2006-04-08,19,36,31,28,33,26,17
176,2006-04-15,30,34,33,32,17,4,15
177,2006-04-22,37,10,43,13,1,16,6
178,2006-04-29,23,1,12,5,18,11,9
179,2006-05-06,43,9,5,39,25,17,32
180,2006-05-13,20,34,29,15,21,2,22
181,2006-05-20,14,21,40,23,32,45,44
182,2006-05-27,15,13,29,27,40,34,35
183,2006-06-03,34,24,18,42,2,40,5
184,2006-06-10,1,33,6,2,20,16,41
185,2006-06-17,2,8,1,4,38,19,14
186,2006-06-24,14,4,10,45,19,21,9
187,2006-07-01,18,29,1,2,8,38,42
188,2006-07-08,19,24,27,31,34,30,36
189,2006-07-15,32,45,14,37,8,35,28
190,2006-07-22,14,31,44,30,18,8,15
191,2006-07-29,32,6,24,37,5,25,8
192,2006-08-05,37,8,45,4,18,11,33
193,2006-08-12,36,26,18,14,39,6,13
194,2006-08-19,26,44,39,15,20,23,28
195,2006-08-26,35,10,19,40,7,22,31
196,2006-09-02,37,45,41,36,44,35,30
197,2006-09-09,34,16,42,7,45,12,4
198,2006-09-16,25,45,12,19,20,41,2
199,2006-09-23,25,30,36,22,21,14,43
200,2006-09-30,6,5,20,14,13,17,7
201,2006-10-07,3,38,39,24,11,44,26
202,2006-10-14,39,33,14,12,44,27,17
203,2006-10-21,32,3,11,30,1,24,7
204,2006-10-28,3,40,14,35,12,45,5
205,2006-11-04,29,21,37,3,1,35,30
206,2006-11-11,25,2,3,20,1,15,43
207,2006-11-18,14,31,32,11,3,37,38
208,2006-11-25,34,31,25,44,14,40,24
209,2006-12-02,18,24,33,20,2,7,37
210,2006-12-09,22,37,23,10,19,25,39
211,2006-12-16,17,41,13,20,12,33,8
212,2006-12-23,21,38,31,18,11,12,8
213,2006-12-30,20,3,24,2,5,4,42
214,2007-01-06,25,28,37,7,5,20,32
215,2007-01-13,7,2,15,3,44,43,4
216,2007-01-20,7,36,16,40,33,17,1
217,2007-01-27,39,27,16,35,33,20,38
218,2007-02-03,29,14,1,18,8,44,20
219,2007-02-10,35,26,4,37,11,20,16
220,2007-02-17,11,21,43,19,5,34,31
221,2007-02-24,20,2,35,40,37,33,10
222,2007-03-03,7,39,43,5,29,28,44
223,2007-03-10,18,1,27,20,26,3,38
224,2007-03-17,4,42,19,30,27,26,7
225,2007-03-24,5,19,31,11,13,36,7
226,2007-03-31,21,2,8,14,6,22,34
227,2007-04-07,4,22,42,16,5,15,2
228,2007-04-14,17,36,25,35,44,39,23
229,2007-04-21,5,4,9,11,23,38,35
230,2007-04-28,32,33,11,14,5,29,12
231,2007-05-05,31,10,44,45,5,19,27
232,2007-05-12,9,8,10,12,24,44,35
233,2007-05-19,28,4,6,13,40,17,39
234,2007-05-26,24,21,13,26,37,22,4
235,2007-06-02,27,22,21,37,26,31,8
236,2007-06-09,37,39,13,4,1,8,7
237,2007-06-16,1,44,17,24,11,21,33
238,2007-06-23,4,31,2,28,34,15,35
239,2007-06-30,41,44,15,39,24,11,7
240,2007-07-07,6,10,41,16,43,40,21
241,2007-07-14,2,35,28,24,16,27,21
242,2007-07-21,19,4,34,21,32,20,43
243,2007-07-28,2,28,42,12,19,17,34
244,2007-08-04,38,16,25,36,13,37,19
245,2007-08-11,32,9,27,38,31,11,22
246,2007-08-18,26,23,21,18,13,39,15
247,2007-08-25,28,36,40,15,39,12,13
248,2007-09-01,38,45,17,8,3,23,13
249,2007-09-08,27,8,44,41,31,3,11
250,2007-09-15,23,37,43,30,19,45,38
251,2007-09-22,38,25,7,19,6,28,45
252,2007-09-29,23,31,45,26,14,39,28
253,2007-10-06,34,19,8,25,31,36,33
254,2007-10-13,24,1,20,5,30,19,27
255,2007-10-20,5,27,6,1,42,24,32
256,2007-10-27,14,11,43,4,23,21,32
257,2007-11-03,6,31,32,37,27,13,4
258,2007-11-10,40,31,27,14,38,30,17
259,2007-11-17,14,4,45,35,42,5,34
260,2007-11-24,7,24,40,12,15,37,43
261,2007-12-01,16,18,43,11,6,31,2
262,2007-12-08,31,12,25,24,9,29,36
263,2007-12-15,1,32,40,37,28,27,18
264,2007-12-22,16,36,9,41,44,27,5
265,2007-12-29,5,38,39,37,9,34,12
266,2008-01-05,42,3,11,22,4,9,37
267,2008-01-12,41,36,7,34,24,8,1
268,2008-01-19,24,32,19,45,10,3,12
269,2008-01-26,43,5,20,36,18,42,32
270,2008-02-02,12,5,21,9,26,20,27
271,2008-02-09,40,27,9,8,29,3,36
272,2008-02-16,12,9,7,43,39,27,28
273,2008-02-23,24,8,44,1,31,34,6
274,2008-03-01,35,14,15,26,39,13,25
275,2008-03-08,40,14,35,20,19,38,26
276,2008-03-15,39,33,4,41,15,21,25
277,2008-03-22,12,10,15,29,25,13,20
278,2008-03-29,37,41,11,43,39,3,13
279,2008-04-05,38,7,31,16,37,36,11
280,2008-04-12,37,24,23,11,10,36,35
281,2008-04-19,3,1,6,4,41,14,12
282,2008-04-26,5,31,18,32,2,10,30
283,2008-05-03,31,18,6,38,8,45,42
284,2008-05-10,7,15,2,30,24,45,28
285,2008-05-17,41,33,40,37,13,45,2
286,2008-05-24,19,44,42,1,15,40,17
287,2008-05-31,24,12,27,37,6,35,41
288,2008-06-07,35,28,1,17,41,12,10
289,2008-06-14,3,33,37,14,38,42,10
290,2008-06-21,39,32,18,8,45,13,7
291,2008-06-28,20,7,42,18,3,8,45
292,2008-07-05,34,31,17,18,32,33,10
293,2008-07-12,33,29,21,9,17,1,24
294,2008-07-19,10,6,17,37,38,30,40
295,2008-07-26,38,18,4,1,12,16,8
296,2008-08-02,15,30,3,27,45,8,44
297,2008-08-09,19,11,6,20,32,28,34
298,2008-08-16,5,27,29,9,37,40,19
299,2008-08-23,25,45,1,20,36,3,24
300,2008-08-30,9,7,26,38,10,12,39
301,2008-09-06,13,11,33,37,43,7,26
302,2008-09-13,19,13,20,38,32,42,4
303,2008-09-20,17,45,38,2,30,14,43
304,2008-09-27,26,4,41,10,16,33,38
305,2008-10-04,18,39,23,8,21,7,9
306,2008-10-11,4,23,41,34,30,18,19
307,2008-10-18,25,15,23,21,45,5,12
308,2008-10-25,17,45,37,15,19,14,40
309,2008-11-01,2,5,11,36,1,18,22
310,2008-11-08,19,1,5,34,28,41,16
311,2008-11-15,27,12,24,32,4,28,10
312,2008-11-22,2,6,5,20,12,3,25
313,2008-11-29,35,34,45,17,9,43,2
314,2008-12-06,15,19,41,38,17,34,2
315,2008-12-13,1,43,33,45,13,35,23
316,2008-12-20,11,31,21,27,10,39,43
317,2008-12-27,11,36,22,10,3,39,8
318,2009-01-03,19,20,34,17,2,45,21
319,2009-01-10,42,5,8,28,22,33,37
320,2009-01-17,16,23,45,25,19,41,3
321,2009-01-24,34,20,18,12,21,25,42
322,2009-01-31,38,32,29,18,9,43,20
323,2009-02-07,32,15,14,36,42,10,3
324,2009-02-14,25,21,33,4,36,2,17
325,2009-02-21,45,20,44,7,32,17,33
326,2009-02-28,33,39,25,16,23,36,40
327,2009-03-07,12,44,13,17,32,6,24
328,2009-03-14,1,28,9,16,17,6,24
329,2009-03-21,9,35,30,42,17,19,4
330,2009-03-28,3,16,19,17,4,20,23
331,2009-04-04,4,44,26,31,14,9,39
332,2009-04-11,45,17,36,16,34,42,3
333,2009-04-18,43,27,39,30,5,14,35
334,2009-04-25,21,39,29,15,13,43,33
335,2009-05-02,9,16,5,26,23,45,21
336,2009-05-09,5,20,34,44,3,35,16
337,2009-05-16,37,18,1,14,32,5,4
338,2009-05-23,13,42,2,45,34,38,16
339,2009-05-30,21,8,6,14,30,37,45
340,2009-06-06,26,18,38,24,34,29,32
341,2009-06-13,39,1,19,43,8,34,41
342,2009-06-20,33,14,13,43,34,1,25
343,2009-06-27,31,1,17,10,29,43,15
344,2009-07-04,15,28,1,34,2,45,38
345,2009-07-11,23,29,42,15,20,39,2
346,2009-07-18,14,22,13,5,44,45,33
347,2009-07-25,32,27,8,3,42,13,10
348,2009-08-01,14,31,24,17,3,20,34
349,2009-08-08,5,14,13,25,20,24,36
350,2009-08-15,33,29,24,8,18,1,35
351,2009-08-22,27,29,25,36,5,34,33
352,2009-08-29,17,20,41,16,26,5,24
353,2009-09-05,36,16,11,29,19,22,26
354,2009-09-12,45,44,36,19,43,14,1
355,2009-09-19,35,29,5,30,44,8,38
356,2009-09-26,8,29,45,14,2,25,24
357,2009-10-03,37,18,10,14,21,36,5
358,2009-10-10,21,1,9,12,40,10,37
359,2009-10-17,20,1,40,10,24,19,23
360,2009-10-24,25,35,40,16,4,23,27
361,2009-10-31,24,10,27,16,5,35,33
362,2009-11-07,30,2,22,27,3,40,29
363,2009-11-14,21,11,14,32,12,38,6
364,2009-11-21,2,16,7,5,14,40,4
365,2009-11-28,30,5,26,15,21,25,31
366,2009-12-05,19,27,44,12,26,5,38
367,2009-12-12,25,44,22,29,32,3,19
368,2009-12-19,24,11,21,39,45,30,26
369,2009-12-26,41,35,20,43,17,36,21
370,2010-01-02,45,16,18,24,42,44,17
371,2010-01-09,7,9,15,27,26,42,18
372,2010-01-16,8,18,16,14,11,21,13
373,2010-01-23,45,37,43,26,42,15,9
374,2010-01-30,11,17,25,34,13,15,26
375,2010-02-06,27,19,4,45,8,25,7
376,2010-02-13,40,28,24,11,13,1,7
377,2010-02-20,22,6,43,29,45,37,23
378,2010-02-27,29,22,39,34,5,31,43
379,2010-03-06,35,22,10,31,6,40,19
380,2010-03-13,37,1,17,2,8,26,27
381,2010-03-20,5,1,12,10,20,16,11
382,2010-03-27,15,22,10,42,24,27,19
383,2010-04-03,15,4,37,40,33,28,25
384,2010-04-10,32,38,36,11,24,22,7
385,2010-04-17,7,19,29,12,21,32,9
386,2010-04-24,7,10,31,4,40,19,26
387,2010-05-01,40,43,26,31,34,1,20
388,2010-05-08,29,1,8,17,32,9,45
389,2010-05-15,26,18,7,16,20,23,3
390,2010-05-22,16,28,17,40,37,39,15
391,2010-05-29,11,39,22,28,10,18,30
392,2010-06-05,8,1,42,3,24,7,43
393,2010-06-12,43,40,28,16,41,9,21
394,2010-06-19,20,13,22,28,25,1,15
395,2010-06-26,35,15,20,11,31,26,7
396,2010-07-03,18,34,45,31,20,40,30
397,2010-07-10,25,33,22,17,13,12,8
398,2010-07-17,44,15,20,10,23,42,7
399,2010-07-24,9,2,42,19,1,17,20
400,2010-07-31,34,21,9,43,27,41,2
401,2010-08-07,18,43,31,12,6,38,9
402,2010-08-14,36,9,15,22,19,5,32
403,2010-08-21,28,24,10,14,22,37,26
404,2010-08-28,40,33,20,21,24,5,36
405,2010-09-04,26,1,10,44,2,25,4
406,2010-09-11,12,21,27,7,36,24,45
407,2010-09-18,24,13,6,25,16,7,1
408,2010-09-25,20,9,30,22,37,21,16
409,2010-10-02,32,21,40,9,31,6,38
410,2010-10-09,32,40,3,18,1,41,16
411,2010-10-16,14,22,11,37,39,35,5
412,2010-10-23,41,4,7,39,42,45,40
413,2010-10-30,9,40,2,23,15,34,3
414,2010-11-06,23,44,22,2,15,14,43
415,2010-11-13,20,26,17,7,30,40,24
416,2010-11-20,11,26,22,8,6,5,44
417,2010-11-27,5,20,14,4,22,43,44
418,2010-12-04,11,13,15,26,34,28,31
419,2010-12-11,30,13,2,14,28,11,7
420,2010-12-18,10,4,9,29,34,31,27
421,2010-12-25,6,27,44,28,26,11,30
422,2011-01-01,15,44,21,8,34,19,12
423,2011-01-08,40,1,17,29,27,28,5
424,2011-01-15,34,31,11,10,26,44,30
425,2011-01-22,27,10,14,33,38,8,3
426,2011-01-29,17,39,4,27,18,43,19
427,2011-02-05,30,24,7,6,15,28,21
428,2011-02-12,16,37,12,22,40,19,8
429,2011-02-19,28,42,3,39,34,23,16
430,2011-02-26,18,16,34,3,30,1,44
431,2011-03-05,18,38,45,22,25,31,6
432,2011-03-12,11,3,5,39,2,27,33
433,2011-03-19,29,33,35,19,43,23,27
434,2011-03-26,33,13,3,24,37,20,35
435,2011-04-02,26,30,16,8,45,38,42
436,2011-04-09,22,20,14,34,33,9,28
437,2011-04-16,29,11,41,44,16,38,21
438,2011-04-23,20,12,29,26,6,38,45
439,2011-04-30,40,17,30,31,37,20,25
440,2011-05-07,36,44,10,22,28,34,2
441,2011-05-14,34,35,28,1,30,23,9
442,2011-05-21,27,25,29,36,38,40,41
443,2011-05-28,44,19,6,10,20,4,14
444,2011-06-04,23,43,13,45,11,35,17
445,2011-06-11,45,21,30,20,13,39,32
446,2011-06-18,14,1,35,12,11,26,6
447,2011-06-25,33,8,17,2,9,7,34
448,2011-07-02,27,41,13,7,40,3,36
449,2011-07-09,26,35,3,43,10,20,36
450,2011-07-16,23,19,14,6,31,21,13
451,2011-07-23,24,20,12,30,15,38,29
452,2011-07-30,34,8,10,32,30,18,27
453,2011-08-06,40,38,12,33,42,24,30
454,2011-08-13,41,38,27,13,25,34,10
455,2011-08-20,25,19,26,4,30,35,24
456,2011-08-27,27,1,23,18,12,7,44
457,2011-09-03,23,40,18,8,27,10,33
458,2011-09-10,4,40,10,32,9,36,18
459,2011-09-17,40,25,14,6,4,10,12
460,2011-09-24,8,43,30,28,11,45,41
461,2011-10-01,31,11,18,26,40,37,43
462,2011-10-08,32,20,24,3,45,37,4
463,2011-10-15,44,29,34,31,23,33,40
464,2011-10-22,34,12,15,42,44,6,4
465,2011-10-29,8,38,11,1,13,22,31
466,2011-11-05,44,23,13,4,32,10,20
467,2011-11-12,12,40,24,2,14,17,39
468,2011-11-19,8,13,43,28,37,15,17
469,2011-11-26,4,38,37,34,21,22,33
470,2011-12-03,41,39,20,16,10,42,27
471,2011-12-10,39,6,41,29,37,13,43
472,2011-12-17,36,26,16,31,25,43,44
473,2011-12-24,13,23,20,22,36,8,34
474,2011-12-31,31,33,45,13,18,4,43
475,2012-01-07,14,1,16,21,9,29,3
476,2012-01-14,13,37,9,15,12,38,27
477,2012-01-21,25,29,14,33,32,45,37
478,2012-01-28,18,39,43,29,30,37,8
479,2012-02-04,23,27,25,35,8,44,24
480,2012-02-11,31,5,3,30,10,17,16
481,2012-02-18,23,41,40,3,4,29,20
482,2012-02-25,25,10,16,24,35,1,43
483,2012-03-03,28,12,15,22,34,19,5
484,2012-03-10,45,1,28,3,32,27,11
485,2012-03-17,36,26,39,22,27,17,20
486,2012-03-24,2,1,25,40,38,23,43
487,2012-03-31,4,8,37,27,41,25,21
488,2012-04-07,8,31,38,17,2,30,25
489,2012-04-14,20,8,4,15,2,27,11
490,2012-04-21,43,2,7,26,29,40,42
491,2012-04-28,39,42,17,36,35,8,4
492,2012-05-05,37,40,31,27,35,22,42
493,2012-05-12,20,22,33,26,36,37,25
494,2012-05-19,43,15,30,5,7,8,22
495,2012-05-26,27,13,44,22,34,4,6
496,2012-06-02,20,4,29,13,41,36,39
497,2012-06-09,44,19,23,24,20,43,13
498,2012-06-16,24,41,13,32,39,14,3
499,2012-06-23,27,35,20,5,40,23,43
500,2012-06-30,3,20,4,34,12,24,41
501,2012-07-07,1,42,10,31,17,4,2
502,2012-07-14,34,40,32,6,28,22,26
503,2012-07-21,5,1,27,34,36,30,40
504,2012-07-28,26,22,43,6,14,44,31
505,2012-08-04,22,40,20,25,7,38,44
506,2012-08-11,11,9,24,30,6,22,31
507,2012-08-18,12,40,33,41,32,13,4
508,2012-08-25,35,5,27,31,34,43,37
509,2012-09-01,35,29,25,43,42,12,24
510,2012-09-08,33,32,29,40,12,39,42
511,2012-09-15,23,3,14,7,42,26,24
512,2012-09-22,26,9,4,27,5,13,1
513,2012-09-29,33,5,27,23,21,8,12
514,2012-10-06,35,20,26,42,1,15,9
515,2012-10-13,11,2,15,12,37,23,8
516,2012-10-20,23,8,44,2,43,41,30
517,2012-10-27,12,9,36,1,28,41,10
518,2012-11-03,32,23,34,38,30,14,6
519,2012-11-10,6,43,30,13,8,16,3
520,2012-11-17,40,22,28,4,38,27,1
521,2012-11-24,36,32,18,7,3,29,19
522,2012-12-01,37,41,14,13,4,5,11
523,2012-12-08,37,40,1,38,4,45,7
524,2012-12-15,41,29,11,45,10,38,21
525,2012-12-22,23,44,39,11,29,26,22
526,2012-12-29,39,35,7,20,17,14,31
527,2013-01-05,42,1,32,12,33,22,38
528,2013-01-12,25,39,40,5,17,31,10
529,2013-01-19,42,31,20,27,24,18,39
530,2013-01-26,29,27,16,23,41,33,22
531,2013-02-02,1,35,21,5,9,27,45
532,2013-02-09,16,29,24,44,17,23,3
533,2013-02-16,33,14,9,15,31,17,23
534,2013-02-23,10,37,38,26,29,24,32
535,2013-03-02,11,18,12,14,15,39,34
536,2013-03-09,37,8,32,7,18,43,12
537,2013-03-16,43,36,12,26,23,30,11
538,2013-03-23,32,10,6,34,31,18,11
539,2013-03-30,3,31,42,22,43,19,26
540,2013-04-06,34,13,15,36,12,3,14
541,2013-04-13,13,28,8,32,26,34,43
542,2013-04-20,19,5,41,26,45,6,34
543,2013-04-27,26,34,13,18,31,44,12
544,2013-05-04,44,5,36,17,25,21,10
545,2013-05-11,24,27,35,34,25,4,2
546,2013-05-18,8,37,17,20,27,43,6
547,2013-05-25,15,6,34,39,22,7,28
548,2013-06-01,1,12,32,13,21,45,14
549,2013-06-08,44,29,31,38,35,40,17
550,2013-06-15,1,7,20,34,14,37,41
551,2013-06-22,20,3,6,27,44,24,25
552,2013-06-29,10,35,40,20,1,32,43
553,2013-07-06,39,7,29,2,28,17,37
554,2013-07-13,13,32,41,17,42,14,6
555,2013-07-20,36,17,21,24,26,11,12
556,2013-07-27,30,28,44,12,20,23,43
557,2013-08-03,40,28,20,26,35,4,31
558,2013-08-10,43,12,15,26,40,19,29
559,2013-08-17,45,25,32,12,11,44,23
560,2013-08-24,23,20,29,4,1,45,28
561,2013-08-31,37,45,5,18,42,7,20
562,2013-09-07,31,17,13,11,20,4,33
563,2013-09-14,31,17,10,16,32,5,21
564,2013-09-21,25,27,14,26,34,19,2
565,2013-09-28,18,45,27,10,4,40,38
566,2013-10-05,25,26,5,43,4,6,41
567,2013-10-12,10,15,32,16,1,41,28
568,2013-10-19,31,17,44,20,1,3,40
569,2013-10-26,3,13,35,24,6,23,1
570,2013-11-02,29,12,1,33,27,26,42
571,2013-11-09,26,43,21,38,18,11,29
572,2013-11-16,45,18,3,37,33,13,1
573,2013-11-23,35,4,2,43,20,34,14
574,2013-11-30,43,15,16,25,14,19,2
575,2013-12-07,33,34,8,20,2,30,6
576,2013-12-14,35,15,41,10,25,11,13
577,2013-12-21,37,17,31,16,22,34,33
578,2013-12-28,5,34,14,42,32,12,16
579,2014-01-04,42,20,5,7,22,37,39
580,2014-01-11,7,32,35,5,9,11,33
581,2014-01-18,42,20,44,3,14,5,33
582,2014-01-25,12,40,41,33,14,2,25
583,2014-02-01,40,33,17,27,44,8,24
584,2014-02-08,41,40,39,30,18,7,36
585,2014-02-15,38,16,10,7,6,41,4
586,2014-02-22,7,34,21,12,15,2,5
587,2014-03-01,31,29,14,21,37,32,17
588,2014-03-08,2,22,15,8,25,41,30
589,2014-03-15,8,6,33,38,39,28,22
590,2014-03-22,45,36,20,41,30,38,23
591,2014-03-29,39,14,8,30,13,38,5
592,2014-04-05,44,13,5,2,28,6,43
593,2014-04-12,13,9,10,24,33,38,28
594,2014-04-19,25,37,2,13,28,8,3
595,2014-04-26,40,24,38,8,28,35,5
596,2014-05-03,14,43,12,25,3,4,17
597,2014-05-10,24,8,35,43,10,23,37
598,2014-05-17,45,4,12,38,33,24,22
599,2014-05-24,29,35,12,34,17,5,27
600,2014-05-31,11,27,5,29,14,36,44
601,2014-06-07,16,35,34,31,2,19,37
602,2014-06-14,27,30,22,13,14,38,2
603,2014-06-21,43,26,19,25,27,2,28
604,2014-06-28,34,21,2,33,6,18,30
605,2014-07-05,7,38,1,10,2,9,42
606,2014-07-12,1,14,39,6,5,20,22
607,2014-07-19,14,38,8,36,23,39,13
608,2014-07-26,19,8,4,18,44,39,41
609,2014-08-02,4,40,39,34,27,8,13
610,2014-08-09,14,18,20,28,23,36,33
611,2014-08-16,37,22,33,36,27,2,14
612,2014-08-23,19,33,6,9,18,25,40
613,2014-08-30,8,16,41,44,11,7,35
614,2014-09-06,21,8,40,25,39,44,18
615,2014-09-13,17,27,18,10,19,23,35
616,2014-09-20,40,18,5,13,23,45,3
617,2014-09-27,11,12,5,27,4,24,28
618,2014-10-04,8,16,30,43,25,42,15
619,2014-10-11,35,30,8,13,40,6,21
620,2014-10-18,2,32,45,16,17,39,40
621,2014-10-25,1,19,2,6,42,16,9
622,2014-11-01,16,15,34,28,9,21,24
623,2014-11-08,13,45,39,30,7,41,25
624,2014-11-15,26,7,35,1,19,27,16
625,2014-11-22,7,3,6,39,21,20,13
626,2014-11-29,14,33,26,43,13,40,15
627,2014-12-06,22,9,45,31,2,25,12
628,2014-12-13,42,7,1,12,23,15,11
629,2014-12-20,44,38,31,43,19,28,1
630,2014-12-27,21,17,8,27,31,24,15
631,2015-01-03,23,34,1,4,2,31,8
632,2015-01-10,18,35,21,15,32,44,6
633,2015-01-17,41,39,20,19,9,12,13
634,2015-01-24,27,11,12,20,4,10,38
635,2015-01-31,13,11,33,26,29,25,32
636,2015-02-07,7,6,16,15,31,20,26
637,2015-02-14,37,38,22,3,44,16,23
638,2015-02-21,7,22,18,31,34,24,6
639,2015-02-28,22,32,15,25,23,6,40
640,2015-03-07,15,26,21,14,18,35,23
641,2015-03-14,43,18,21,11,36,37,12
642,2015-03-21,45,8,18,17,24,39,32
643,2015-03-28,40,15,32,24,33,31,13
644,2015-04-04,17,5,23,13,36,28,8
645,2015-04-11,1,4,16,26,40,41,31
646,2015-04-18,9,43,24,45,41,2,30
647,2015-04-25,23,16,21,24,30,5,29
648,2015-05-02,28,37,13,43,19,38,4
649,2015-05-09,42,3,33,41,22,21,20
650,2015-05-16,41,3,31,4,11,7,35
651,2015-05-23,12,26,29,11,16,44,18
652,2015-05-30,13,15,41,3,44,40,20
653,2015-06-06,26,6,38,27,5,39,1
654,2015-06-13,21,31,16,26,36,43,6
655,2015-06-20,7,37,40,44,39,38,18
656,2015-06-27,16,31,14,3,7,40,39
657,2015-07-04,43,40,19,14,39,10,23
658,2015-07-11,36,32,25,8,19,28,37
659,2015-07-18,7,29,27,19,42,18,45
660,2015-07-25,23,39,4,9,33,44,14
661,2015-08-01,3,20,38,27,12,2,40
662,2015-08-08,9,6,37,11,5,15,26
663,2015-08-15,3,38,42,5,19,8,20
664,2015-08-22,20,36,44,10,33,41,5
665,2015-08-29,44,5,6,38,17,11,13
666,2015-09-05,28,6,11,2,17,4,16
667,2015-09-12,37,43,15,42,17,25,13
668,2015-09-19,15,14,24,32,27,12,3
669,2015-09-26,29,7,38,33,20,8,9
670,2015-10-03,40,26,27,41,11,18,25
671,2015-10-10,35,10,13,7,31,9,24
672,2015-10-17,28,31,45,21,8,36,43
673,2015-10-24,44,17,7,29,10,33,5
674,2015-10-31,9,10,31,14,25,27,11
675,2015-11-07,1,45,11,18,15,8,7
676,2015-11-14,39,17,45,1,34,8,27
677,2015-11-21,36,41,24,12,15,44,42
678,2015-11-28,4,5,25,12,37,6,45
679,2015-12-05,3,26,5,7,14,34,35
680,2015-12-12,4,29,42,19,32,10,30
681,2015-12-19,27,21,44,43,24,29,7
682,2015-12-26,35,27,17,23,43,38,2
683,2016-01-02,20,27,28,13,6,40,15
684,2016-01-09,11,39,17,15,25,1,40
685,2016-01-16,12,28,40,38,6,7,18
686,2016-01-23,7,15,43,12,25,24,13
687,2016-01-30,13,42,1,8,28,10,45
688,2016-02-06,5,35,22,34,23,15,2
689,2016-02-13,36,17,19,38,30,7,34
690,2016-02-20,34,38,25,24,33,39,43
691,2016-02-27,45,15,35,43,27,33,16
692,2016-03-05,15,11,36,32,14,3,44
693,2016-03-12,34,28,6,42,11,1,30
694,2016-03-19,33,7,43,15,20,25,12
695,2016-03-26,34,38,26,4,18,33,14
696,2016-04-02,1,38,16,34,18,7,21
697,2016-04-09,2,8,11,39,33,5,31
698,2016-04-16,21,33,3,37,11,13,18
699,2016-04-23,5,21,8,16,29,4,3
700,2016-04-30,29,11,30,23,28,44,13
701,2016-05-07,14,36,38,16,10,3,35
702,2016-05-14,26,24,16,3,13,29,9
703,2016-05-21,44,31,10,33,41,28,21
704,2016-05-28,4,33,1,8,42,23,45
705,2016-06-04,45,28,22,17,6,1,23
706,2016-06-11,4,10,28,30,3,6,37
707,2016-06-18,24,12,19,44,2,39,35
708,2016-06-25,19,16,2,45,34,10,1
709,2016-07-02,39,44,30,18,36,10,32
710,2016-07-09,4,24,33,3,9,25,10
711,2016-07-16,24,37,11,35,15,45,42
712,2016-07-23,31,33,30,17,45,20,19
713,2016-07-30,23,19,2,5,18,15,44
714,2016-08-06,7,22,37,1,33,40,20
715,2016-08-13,27,33,7,44,2,41,10
716,2016-08-20,13,29,2,6,30,16,21
717,2016-08-27,32,19,2,25,11,28,44
718,2016-09-03,32,39,20,23,11,4,40
719,2016-09-10,8,19,4,43,13,20,26
720,2016-09-17,34,12,29,36,1,37,41
721,2016-09-24,43,41,35,28,1,44,31
722,2016-10-01,21,39,12,43,30,14,45
723,2016-10-08,20,35,36,33,30,44,22
724,2016-10-15,37,2,33,35,8,41,14
725,2016-10-22,6,43,7,21,19,41,38
726,2016-10-29,1,11,23,21,44,34,24
727,2016-11-05,31,8,7,10,21,19,20
728,2016-11-12,10,6,37,3,30,34,36
729,2016-11-19,45,17,21,26,36,11,16
730,2016-11-26,10,4,14,15,22,18,39
731,2016-12-03,42,45,7,25,2,13,39
732,2016-12-10,32,27,5,4,17,2,43
733,2016-12-17,24,32,35,40,11,33,13
734,2016-12-24,45,37,41,16,38,6,18
735,2016-12-31,13,37,5,27,10,41,4
736,2017-01-07,17,27,21,18,11,2,6
737,2017-01-14,15,18,27,24,41,13,11
738,2017-01-21,28,27,43,38,23,42,36
739,2017-01-28,29,34,7,35,33,22,30
740,2017-02-04,8,9,19,16,4,17,31
741,2017-02-11,21,27,44,45,34,5,16
742,2017-02-18,8,10,36,37,40,13,6
743,2017-02-25,41,19,21,34,44,15,10
744,2017-03-04,34,10,21,41,15,18,43
745,2017-03-11,23,12,3,1,2,9,10
746,2017-03-18,45,42,33,36,12,3,25
747,2017-03-25,14,23,9,12,28,7,17
748,2017-04-01,13,32,3,10,31,22,29
749,2017-04-08,26,45,34,14,24,12,41
750,2017-04-15,2,24,15,1,36,19,12
751,2017-04-22,20,16,4,44,28,3,17
752,2017-04-29,20,4,33,43,16,40,7
753,2017-05-06,2,17,24,19,37,41,3
754,2017-05-13,8,31,29,17,2,24,32
755,2017-05-20,30,36,14,28,13,26,37
756,2017-05-27,14,16,28,18,10,27,4
757,2017-06-03,11,33,6,44,17,7,1
758,2017-06-10,5,30,12,43,39,9,24
759,2017-06-17,33,43,40,36,9,42,32
760,2017-06-24,22,43,10,27,42,31,12
761,2017-07-01,4,11,42,45,24,7,30
762,2017-07-08,3,41,26,1,12,21,16
763,2017-07-15,8,34,43,32,16,3,10
764,2017-07-22,7,24,34,22,36,31,15
765,2017-07-29,1,8,42,43,12,3,33
766,2017-08-05,30,35,39,41,9,34,21
767,2017-08-12,42,34,15,5,31,20,22
768,2017-08-19,44,38,30,7,27,29,4
769,2017-08-26,41,16,11,5,7,45,4
770,2017-09-02,12,1,23,43,39,9,34
771,2017-09-09,18,17,6,21,10,29,30
772,2017-09-16,5,11,21,6,14,41,32
773,2017-09-23,35,8,19,12,31,21,44
774,2017-09-30,18,12,34,42,15,28,9
775,2017-10-07,42,33,38,29,11,12,17
776,2017-10-14,8,18,9,28,40,21,20
777,2017-10-21,21,17,34,12,6,37,18
778,2017-10-28,35,37,6,36,41,21,11
779,2017-11-04,24,34,6,12,41,19,4
780,2017-11-11,21,15,45,27,17,19,16
781,2017-11-18,39,19,18,24,11,16,43
782,2017-11-25,45,34,31,38,6,18,20
783,2017-12-02,16,38,17,45,15,14,36
784,2017-12-09,31,24,10,39,23,3,22
785,2017-12-16,25,33,6,15,26,4,40
786,2017-12-23,30,20,24,12,15,16,38
787,2017-12-30,6,5,16,28,27,13,9
788,2018-01-06,2,11,19,39,35,10,29
789,2018-01-13,19,2,12,7,6,45,38
790,2018-01-20,3,27,8,30,41,19,12
791,2018-01-27,10,42,33,2,12,31,32
792,2018-02-03,7,36,29,25,19,2,16
793,2018-02-10,21,35,43,15,38,10,31
794,2018-02-17,6,7,19,30,38,18,13
795,2018-02-24,34,13,26,38,3,10,36
796,2018-03-03,26,21,40,1,41,36,5
797,2018-03-10,32,39,45,5,22,31,36
798,2018-03-17,10,32,2,14,36,22,41
799,2018-03-24,17,34,45,23,42,12,33
800,2018-03-31,1,28,10,12,4,45,26
801,2018-04-07,37,17,25,43,44,28,2
802,2018-04-14,12,18,24,11,42,10,27
803,2018-04-21,26,9,5,14,43,30,2
804,2018-04-28,36,26,13,1,10,32,9
805,2018-05-05,18,32,12,3,31,13,42
806,2018-05-12,37,23,31,38,14,20,27
807,2018-05-19,35,10,34,18,6,25,33
808,2018-05-26,21,31,32,43,41,15,24
809,2018-06-02,11,23,40,17,6,15,39
810,2018-06-09,5,39,13,21,10,43,11
811,2018-06-16,45,19,11,36,8,21,25
812,2018-06-23,14,12,3,1,16,43,10
813,2018-06-30,30,35,11,34,42,44,27
814,2018-07-07,45,38,21,42,28,2,30
815,2018-07-14,36,25,26,17,21,27,4
816,2018-07-21,18,31,12,39,29,19,7
817,2018-07-28,12,3,13,25,9,43,34
818,2018-08-04,15,30,29,14,28,25,3
819,2018-08-11,25,16,33,38,45,40,15
820,2018-08-18,42,30,10,21,22,35,6
821,2018-08-25,1,24,44,13,12,29,16
822,2018-09-01,27,24,18,36,9,20,12
823,2018-09-08,40,39,26,24,18,12,15
824,2018-09-15,7,9,24,29,34,38,26
825,2018-09-22,38,15,21,8,31,33,42
826,2018-09-29,16,24,13,25,33,36,42
827,2018-10-06,11,12,5,44,29,33,14
828,2018-10-13,29,13,39,4,7,31,18
829,2018-10-20,4,31,45,35,43,5,29
830,2018-10-27,18,16,37,5,38,6,17
831,2018-11-03,19,3,39,16,10,31,9
832,2018-11-10,43,13,40,14,26,19,30
833,2018-11-17,42,41,30,12,18,39,19
834,2018-11-24,42,35,43,6,18,8,3
835,2018-12-01,45,28,10,9,13,38,35
836,2018-12-08,28,9,1,14,11,26,19
837,2018-12-15,2,30,28,45,33,25,6
838,2018-12-22,33,38,9,14,36,17,20
839,2018-12-29,13,12,3,11,19,9,35
840,2019-01-05,2,28,43,29,11,4,27
841,2019-01-12,14,33,38,5,30,11,24
842,2019-01-19,26,32,42,36,14,39,38
843,2019-01-26,21,30,34,19,33,42,4
844,2019-02-02,45,8,7,15,13,33,18
845,2019-02-09,29,1,16,33,40,45,6
846,2019-02-16,45,30,41,5,43,18,13
847,2019-02-23,30,16,28,12,26,42,22
848,2019-03-02,16,2,39,38,22,1,34
849,2019-03-09,34,5,13,39,17,29,3
850,2019-03-16,28,24,20,36,39,16,5
851,2019-03-23,18,22,14,26,31,44,40
852,2019-03-30,28,33,17,30,11,35,9
853,2019-04-06,26,2,8,44,23,27,13
854,2019-04-13,25,20,43,36,31,32,3
855,2019-04-20,44,8,17,15,19,43,7
856,2019-04-27,40,10,43,24,41,44,17
857,2019-05-04,6,38,28,10,34,16,43
858,2019-05-11,13,43,32,9,38,39,23
859,2019-05-18,22,38,41,8,35,39,24
860,2019-05-25,25,8,4,32,18,27,42
861,2019-06-01,19,21,22,11,17,25,24
862,2019-06-08,40,10,43,42,34,38,32
863,2019-06-15,43,35,39,16,21,28,12
864,2019-06-22,36,13,3,10,7,25,32
865,2019-06-29,32,3,15,45,33,22,2
866,2019-07-06,39,15,29,34,37,9,12
867,2019-07-13,14,22,17,19,40,24,41
868,2019-07-20,12,43,44,17,41,28,25
869,2019-07-27,20,37,39,6,2,27,4
870,2019-08-03,32,40,30,21,25,42,31
871,2019-08-10,26,12,30,34,6,2,38
872,2019-08-17,43,30,4,32,33,2,29
873,2019-08-24,12,13,39,33,5,3,38
874,2019-08-31,19,23,28,15,1,42,32
875,2019-09-07,22,34,19,44,39,30,36
876,2019-09-14,42,16,26,34,5,21,24
877,2019-09-21,18,23,17,43,5,22,12
878,2019-09-28,16,2,6,11,25,31,3
879,2019-10-05,35,15,4,14,10,1,20
880,2019-10-12,23,24,45,19,7,17,38
881,2019-10-19,32,4,27,18,20,26,9
882,2019-10-26,39,18,45,34,43,44,23
883,2019-11-02,37,18,44,32,33,9,22
884,2019-11-09,4,28,45,37,23,14,17
885,2019-11-16,24,1,39,45,3,27,31
886,2019-11-23,23,28,42,19,45,37,2
887,2019-11-30,36,17,14,27,45,8,10
888,2019-12-07,38,7,34,12,3,31,32
889,2019-12-14,42,3,13,29,38,39,26
890,2019-12-21,4,1,18,14,29,37,6
891,2019-12-28,9,13,31,39,41,28,19
892,2020-01-04,9,17,42,18,4,26,36
893,2020-01-11,15,25,17,1,41,23,10
894,2020-01-18,40,43,37,32,41,19,45
895,2020-01-25,38,39,31,16,41,26,23
896,2020-02-01,26,5,45,12,25,38,23
897,2020-02-08,36,12,26,7,22,6,29
898,2020-02-15,37,21,35,28,42,18,17
899,2020-02-22,20,21,8,39,19,33,37
900,2020-02-29,13,16,18,35,38,7,14
901,2020-03-07,5,23,30,18,34,20,21
902,2020-03-14,19,23,39,36,24,7,30
903,2020-03-21,15,2,21,16,22,28,45
904,2020-03-28,8,6,43,26,45,2,11
905,2020-04-04,4,40,38,16,3,27,20
906,2020-04-11,28,5,31,2,14,32,20
907,2020-04-18,44,27,38,21,29,40,37
908,2020-04-25,3,21,44,16,23,22,30
909,2020-05-02,34,24,35,7,30,29,33
910,2020-05-09,39,17,11,27,35,1,31
911,2020-05-16,4,5,12,14,42,32,35
912,2020-05-23,5,21,22,8,18,38,10
913,2020-05-30,21,16,27,37,14,6,40
914,2020-06-06,44,42,24,16,33,19,27
915,2020-06-13,37,22,13,2,11,6,14
916,2020-06-20,21,36,35,6,22,32,17
917,2020-06-27,27,23,43,24,1,3,34
918,2020-07-04,12,7,11,31,33,38,5
919,2020-07-11,18,42,14,9,17,44,35
920,2020-07-18,3,34,26,43,2,33,29
921,2020-07-25,41,5,22,7,28,12,1
922,2020-08-01,2,6,13,27,43,17,36
923,2020-08-08,41,36,23,18,17,3,26
924,2020-08-15,42,44,3,34,11,43,13
925,2020-08-22,39,24,34,13,42,32,4
926,2020-08-29,25,18,31,16,20,10,6
927,2020-09-05,15,43,41,22,4,38,26
928,2020-09-12,44,20,4,3,10,28,30
929,2020-09-19,9,19,7,15,23,12,4
930,2020-09-26,25,44,21,39,8,38,28
931,2020-10-03,15,35,14,43,25,23,32
932,2020-10-10,37,38,36,15,6,1,5
933,2020-10-17,45,36,31,23,29,27,37
934,2020-10-24,39,36,3,30,1,33,12
935,2020-10-31,32,38,4,44,10,20,18
936,2020-11-07,17,18,29,7,11,13,43
937,2020-11-14,29,2,40,10,13,22,26
938,2020-11-21,31,4,16,10,36,8,9
939,2020-11-28,4,45,39,42,28,11,6
940,2020-12-05,22,24,41,3,20,15,11
941,2020-12-12,39,12,40,14,27,25,35
942,2020-12-19,12,10,43,35,42,18,39
943,2020-12-26,45,13,1,8,44,36,39
944,2021-01-02,33,32,19,13,2,16,42
945,2021-01-09,37,9,30,10,33,15,26
946,2021-01-16,34,19,30,9,18,40,20
947,2021-01-23,27,17,35,20,3,8,26
948,2021-01-30,30,18,13,41,31,38,5
949,2021-02-06,36,21,44,40,35,14,30
950,2021-02-13,22,4,28,3,15,40,10
951,2021-02-20,2,12,39,30,31,43,38
952,2021-02-27,41,24,33,12,4,22,38
953,2021-03-06,37,7,27,22,42,9,34
954,2021-03-13,26,41,30,28,1,9,32
955,2021-03-20,23,26,33,29,4,9,8
956,2021-03-27,11,25,41,20,10,21,40
957,2021-04-03,4,40,24,15,36,35,1
958,2021-04-10,2,16,35,37,10,9,1
959,2021-04-17,1,14,40,41,24,15,35
960,2021-04-24,30,2,32,45,24,18,14
961,2021-05-01,11,29,33,42,31,20,43
962,2021-05-08,34,28,43,1,31,18,40
963,2021-05-15,19,42,6,34,23,12,35
964,2021-05-22,39,6,21,38,43,36,30
965,2021-05-29,2,29,25,28,13,36,34
966,2021-06-05,21,37,25,34,29,1,36
967,2021-06-12,6,37,13,1,38,40,9
968,2021-06-19,39,24,2,12,5,14,33
969,2021-06-26,45,9,29,40,3,10,7
970,2021-07-03,21,28,11,36,16,9,5
971,2021-07-10,17,2,21,26,18,6,7
972,2021-07-17,37,17,39,23,3,6,26
973,2021-07-24,26,22,41,42,31,37,24
974,2021-07-31,2,16,44,11,1,39,32
975,2021-08-07,9,17,8,22,24,7,5
976,2021-08-14,25,35,14,12,4,37,2
977,2021-08-21,44,22,14,9,2,10,16
978,2021-08-28,7,15,34,1,32,42,8
979,2021-09-04,33,7,11,16,27,21,24
980,2021-09-11,16,23,3,13,35,24,14
981,2021-09-18,27,45,43,41,37,36,32
982,2021-09-25,44,7,21,5,13,20,33
983,2021-10-02,31,13,35,23,26,43,15
984,2021-10-09,37,36,10,35,23,3,18
985,2021-10-16,23,21,44,34,30,17,19
986,2021-10-23,10,7,42,28,41,16,40
987,2021-10-30,23,29,2,38,15,4,7
988,2021-11-06,13,31,41,2,30,20,27
989,2021-11-13,21,18,27,29,17,33,26
990,2021-11-20,36,26,37,4,25,2,28
991,2021-11-27,18,13,25,33,31,44,38
992,2021-12-04,20,33,45,26,12,44,24
993,2021-12-11,6,24,14,42,18,16,44
994,2021-12-18,24,27,1,35,3,8,28
995,2021-12-25,29,13,4,39,1,38,7
996,2022-01-01,6,11,24,15,32,39,28
997,2022-01-08,16,7,4,44,24,14,20
998,2022-01-15,18,45,13,20,17,42,41
999,2022-01-22,9,1,28,3,18,14,34
1000,2022-01-29,19,2,8,22,42,32,39
1001,2022-02-05,12,14,10,20,6,42,15
1002,2022-02-12,25,38,45,35,33,17,15
1003,2022-02-19,39,1,45,43,4,29,31
1004,2022-02-26,37,30,15,7,44,39,18
1005,2022-03-05,18,29,13,8,24,27,17
1006,2022-03-12,37,17,8,15,16,11,36
1007,2022-03-19,11,21,16,25,8,19,40
1008,2022-03-26,11,31,30,44,41,9,33
1009,2022-04-02,29,44,34,23,40,15,20
1010,2022-04-09,9,36,15,12,25,34,3
1011,2022-04-16,1,35,12,38,9,26,42
1012,2022-04-23,35,45,18,20,5,11,3
1013,2022-04-30,36,21,22,41,34,26,32
1014,2022-05-07,26,3,11,27,18,14,21
1015,2022-05-14,37,31,14,23,33,40,44
1016,2022-05-21,15,42,34,41,26,28,44
1017,2022-05-28,34,22,12,23,18,30,32
1018,2022-06-04,45,21,37,25,19,3,35
1019,2022-06-11,17,39,1,4,13,34,6
1020,2022-06-18,29,12,45,41,27,38,6
1021,2022-06-25,12,45,15,24,17,29,16
1022,2022-07-02,45,5,11,42,6,29,28
1023,2022-07-09,14,16,29,10,35,18,25
1024,2022-07-16,22,20,9,38,18,44,10
1025,2022-07-23,9,20,29,33,25,8,7
1026,2022-07-30,32,13,41,31,12,5,34
1027,2022-08-06,35,45,16,14,39,27,5
1028,2022-08-13,18,13,7,12,35,5,23
1029,2022-08-20,37,32,12,41,30,39,24
1030,2022-08-27,5,17,11,29,24,2,9
1031,2022-09-03,22,32,6,7,35,36,19
1032,2022-09-10,6,36,12,19,1,42,28
1033,2022-09-17,20,44,15,35,3,11,10
1034,2022-09-24,33,38,40,26,32,31,11
1035,2022-10-01,9,14,42,35,34,41,2
1036,2022-10-08,22,32,34,2,45,5,39
1037,2022-10-15,22,33,14,15,2,27,31
1038,2022-10-22,16,27,44,24,37,7,2
1039,2022-10-29,19,6,39,36,2,3,26
1040,2022-11-05,36,26,31,8,16,29,11
1041,2022-11-12,7,11,9,18,6,17,45
1042,2022-11-19,43,14,34,23,5,15,4
1043,2022-11-26,12,3,5,22,26,31,19
1044,2022-12-03,28,26,36,12,17,20,4
1045,2022-12-10,19,21,14,6,15,41,37
,,,,,,,,
,,,,,,,,
,,,,,,,,
,,,,,,,,
,,,,,,,,
,,,,,,,,
,,,,,,,,
,,,,,,,,
,,,,,,,,
,,,,,,,,
,,,,,,,,
,,,,,,,,
,,,,,,,,
,,,,,,,,
,,,,,,,,
